{
  "0,0": {
    "2,1": 2.1350216100390034,
    "1,2": 1.148444212820605
  },
  "2,1": {
    "2,-1": 4.901473008425962,
    "1,2": 4.325050369077309,
    "2,1": 4.939834299003776,
    "-1,2": 5.04875651872234,
    "-2,1": 4.579461239658638
  },
  "4,0": {
    "-1,2": 1.1260319367082974,
    "-2,1": 1.5225522607958908
  },
  "3,2": {
    "-2,1": 5.022688267766526,
    "1,-2": 4.7593995740800175,
    "-2,-1": 4.994523507270171,
    "-1,2": 4.093715234668626,
    "1,2": 5.176585098405404,
    "-1,-2": 4.363980696759945
  },
  "1,3": {
    "-1,-2": 1.979086581168019,
    "2,1": 1.1801972975783819,
    "1,-2": 4.258493192292276,
    "2,-1": 3.1270354016004926
  },
  "0,1": {
    "2,1": 1.5272121316056189,
    "1,2": 2.2062658645979267,
    "2,-1": 0.9586835230896414
  },
  "2,2": {
    "1,2": 5.080250932657361,
    "-2,1": 4.910158045021133,
    "-2,-1": 6.985729336431968,
    "-1,2": 6.814466427576852,
    "-1,-2": 5.138152721682653,
    "2,-1": 6.058975978239606,
    "1,-2": 4.779045787677119,
    "2,1": 5.181878046273402
  },
  "3,4": {
    "1,-2": 1.151499219570123,
    "-2,-1": 2.8256606441845995,
    "-1,-2": 2.355157701197137
  },
  "4,2": {
    "-1,-2": 1.0960561853599031,
    "-2,1": 3.1692548376902487,
    "-1,2": 1.6371348841979687,
    "-2,-1": 4.146424187989039
  },
  "3,0": {
    "-2,1": 1.0364487885394678,
    "-1,2": 0.8150717305786486,
    "1,2": 1.0000000000000004
  },
  "1,1": {
    "-1,2": 1.0084885491784805,
    "1,2": 3.2062134309414136,
    "2,-1": 1.000000000000001,
    "2,1": 3.084651729059045
  },
  "0,3": {
    "2,1": 1.0092005307457108,
    "2,-1": 2.5410596763951276,
    "1,-2": 1.0000000804648463
  },
  "2,4": {
    "2,-1": 1.7058762297846433,
    "1,-2": 3.3130599476652978,
    "-1,-2": 2.0266255818183794,
    "-2,-1": 1.0000014451996404
  },
  "4,3": {
    "-1,-2": 1.0000081416878548,
    "-2,-1": 2.7366163101074013,
    "-2,1": 1.725026095530691
  },
  "3,1": {
    "-1,2": 2.422906030424161,
    "-2,-1": 1.000000602905232,
    "1,2": 1.3833934342398393,
    "-2,1": 2.957149892754136
  },
  "2,3": {
    "-2,1": 4.578555995621051,
    "2,1": 4.403329345965401,
    "1,-2": 4.626773614517909,
    "-1,-2": 4.076494497054741,
    "2,-1": 4.220078464907444,
    "-2,-1": 5.364167500334142
  },
  "0,4": {
    "1,-2": 0.8851579382626105,
    "2,-1": 1.2507237105664004
  },
  "1,2": {
    "1,-2": 3.4923540791604863,
    "-1,2": 4.161287089641881,
    "2,-1": 3.443219664689022,
    "1,2": 3.553229402889474,
    "2,1": 3.390886593837047
  },
  "2,0": {
    "2,1": 1.369930917400076,
    "-2,1": 1.4720612284513421,
    "1,2": 2.729287104653995,
    "-1,2": 2.046055229514006
  },
  "4,1": {
    "-1,2": 1.1152503400143146,
    "-2,1": 1.1748581889995195,
    "-2,-1": 1.6107275604113986
  },
  "3,3": {
    "-2,1": 0.9870481829101428,
    "-1,-2": 4.291064757295945,
    "-2,-1": 2.274600970461719,
    "1,-2": 1.2297988092363137
  },
  "1,4": {
    "-1,-2": 1.1088032931905545,
    "2,-1": 2.091267754545427,
    "1,-2": 2.0224146010750172
  },
  "0,2": {
    "1,-2": 2.0693408324932205,
    "2,1": 1.6548180292739478,
    "1,2": 2.036160602104619,
    "2,-1": 4.1996097747217815
  },
  "1,0": {
    "1,2": 2.0671127416454302,
    "-1,2": 2.1083520202825814,
    "2,1": 1.4847777218837248
  },
  "4,4": {
    "-1,-2": 1.3227280526759193,
    "-2,-1": 1.4097531442277957
  }
}