{
  "0,0": 2.1350216100390034,
  "2,1": 5.04875651872234,
  "4,0": 1.5225522607958908,
  "3,2": 5.176585098405404,
  "1,3": 4.258493192292276,
  "0,1": 2.2062658645979267,
  "2,2": 6.985729336431968,
  "3,4": 2.8256606441845995,
  "4,2": 4.146424187989039,
  "3,0": 1.0364487885394678,
  "1,1": 3.2062134309414136,
  "0,3": 2.5410596763951276,
  "2,4": 3.3130599476652978,
  "4,3": 2.7366163101074013,
  "3,1": 2.957149892754136,
  "2,3": 5.364167500334142,
  "0,4": 1.2507237105664004,
  "1,2": 4.161287089641881,
  "2,0": 2.729287104653995,
  "4,1": 1.6107275604113986,
  "3,3": 4.291064757295945,
  "1,4": 2.091267754545427,
  "0,2": 4.1996097747217815,
  "1,0": 2.1083520202825814,
  "4,4": 1.4097531442277957
}